{"animations":[{"name":"plane_move","property":"position","framePerSecond":60,"dataType":1,"loopBehavior":2,"blendingSpeed":0.01,"keys":[{"frame":0,"values":[0,-8.96227227021263,0.0038526444767786527,[0,0,0],[0,0,0]]},{"frame":92.85616461690458,"values":[0,-2.3751765103738495e-8,0.0038557744140872052,[0,0,0],[0,0,0]]}],"ranges":[]},{"name":"plane_rotate","property":"rotation","framePerSecond":60,"dataType":1,"loopBehavior":2,"blendingSpeed":0.01,"keys":[{"frame":0,"values":[-3,3.15,0,[0,0,0],[0,0,0]]},{"frame":99.99999999999999,"values":[0,3.15,0,[0,0,0],[0,0,0]]}],"ranges":[]}]}